202-317-8800,202 317 8800
860-394-5723,860 394 5723
410.988.2444,410 988 2444
(305) 667-4455,305 667 4455
(721) 839-0311,721 839 0311
(702) 814-2230,702 814 2230
408-555-1290,408 555 1290
832.119.3348,832 119 3348
400.232.7418,400 232 7418
608-635-3925,608 635 3925
718-245-0917,718 245 0917
(503) 788-1123,503 788 1123
(212) 734-8902,212 734 8902
608-243-9070,608 243 9070
303-728-6009,303 728 6009
832-119-3348,832 119 3348
(646) 201-4456,646 201 4456
(626) 391-2477,626 391 2477
773-420-6612,773 420 6612
(408) 322-9001,408 322 9001
(415) 672-3389,415 672 3389
646.741.4814,646 741 4814
860.394.5723,860 394 5723
(408) 864-8814,408 864 8814
(919) 643-7894,919 643 7894
920.699.2296,920 699 2296
(270) 155-2088,270 155 2088
415.901.4433,415 901 4433
773.420.6612,773 420 6612
503.439.8766,503 439 8766
312-984-2761,312 984 2761
415-222-9909,415 222 9909
617.832.1490,617 832 1490
(214) 550-7843,214 550 7843
312.845.7821,312 845 7821
202.317.8800,202 317 8800
213.589.7777,213 589 7777
718.245.0917,718 245 0917
(800) 077-1707,800 077 1707
929-678-3321,929 678 3321
250-412-3470,250 412 3470
646-203-8710,646 203 8710
617-832-1490,617 832 1490
(323) 442-2674,323 442 2674
917-264-0081,917 264 0081
519.496.5184,519 496 5184
303.728.6009,303 728 6009
646.203.1189,646 203 1189
920-887-4661,920 887 4661
(480) 715-3340,480 715 3340
929.678.3321,929 678 3321
(305) 284-3052,305 284 3052
213-589-7777,213 589 7777
555-123-4567,555 123 4567
(818) 556-6660,818 556 6660
323.257.2512,323 257 2512
(773) 240-9961,773 240 9961
408.555.9920,408 555 9920
415-901-4433,415 901 4433
(310) 928-4451,310 928 4451
