773-420-6612,773 420 6612
312-984-2761,312 984 2761
(305) 667-4455,305 667 4455
(626) 391-2477,626 391 2477
415-901-4433,415 901 4433
400.232.7418,400 232 7418
608-243-9070,608 243 9070
(503) 788-1123,503 788 1123
(270) 155-2088,270 155 2088
303-728-6009,303 728 6009
(214) 550-7843,214 550 7843
312.845.7821,312 845 7821
917-264-0081,917 264 0081
213.589.7777,213 589 7777
415.901.4433,415 901 4433
718-245-0917,718 245 0917
(773) 240-9961,773 240 9961
860.394.5723,860 394 5723
323.257.2512,323 257 2512
(721) 839-0311,721 839 0311
773.420.6612,773 420 6612
213-589-7777,213 589 7777
646.203.1189,646 203 1189
(646) 201-4456,646 201 4456
(305) 284-3052,305 284 3052
617-832-1490,617 832 1490
250-412-3470,250 412 3470
(323) 442-2674,323 442 2674
202.317.8800,202 317 8800
646-203-8710,646 203 8710
410.988.2444,410 988 2444
(800) 077-1707,800 077 1707
(212) 734-8902,212 734 8902
519.496.5184,519 496 5184
(818) 556-6660,818 556 6660
303.728.6009,303 728 6009
920.699.2296,920 699 2296
608-635-3925,608 635 3925
920-887-4661,920 887 4661
(919) 643-7894,919 643 7894
503.439.8766,503 439 8766
(415) 672-3389,415 672 3389
(408) 864-8814,408 864 8814
(408) 322-9001,408 322 9001
415-222-9909,415 222 9909
(480) 715-3340,480 715 3340
718.245.0917,718 245 0917
408.555.9920,408 555 9920
832-119-3348,832 119 3348
832.119.3348,832 119 3348
929-678-3321,929 678 3321
408-555-1290,408 555 1290
860-394-5723,860 394 5723
202-317-8800,202 317 8800
929.678.3321,929 678 3321
(310) 928-4451,310 928 4451
555-123-4567,555 123 4567
646.741.4814,646 741 4814
(702) 814-2230,702 814 2230
617.832.1490,617 832 1490
